complaint_text,category,priority
Household waste regularly thrown into drain at Ward H by nearby shops,Drainage,Medium
"Trees grown into electric lines near Sector 2, trimming needed urgently",Electrical,Medium
Ongoing problem since days: speed guns needed at Ward A stretch where overspeeding is daily complaint,Traffic,Medium
"Wet and dry waste mixed by residents near water tank, needs awareness drive",Waste Management,Medium
Household waste regularly thrown into drain at school area by nearby shops,Drainage,Medium
Request for composting unit near police station community garden,Waste Management,Low
"Ward representative reporting: municipal water pressure test needed at Ward H, residents getting almost no flow",Water,High
Burning tyres near metro station causing black smoke pollution,Waste Management,High
"Repeated complaint about drain repair work near main market completed poorly, same problem recurring every rain",Drainage,Medium
"Sewage visibly mixing into drinking water line near school area, absolute health emergency",Water,Critical
Electricity meter replaced at near water tank but billing not updated for 5 months,Electrical,Medium
"Trucks reversing on near post office road without helper, hit a scooter yesterday",Traffic,High
Overloaded transformer in near main market sector causing daily power outages,Electrical,High
"Complaint from resident: drain repair work near garbage depot completed poorly, same problem recurring every rain",Drainage,Medium
"Follow-up complaint: water supply has been absent at near bank for 3 days, families buying expensive tankers",Water,High
"School van damaged due to pothole near metro station, parents upset and worried",Roads,Medium
Emergency ambulance stuck 40 minutes in traffic jam near post office signal,Traffic,Critical
"Garbage bin near new colony garden broken, needs replacement",Sanitation,Low
Drain gradient wrong near school area causing water to flow backward onto road,Drainage,Medium
"Damaged water meter leaking continuously at near children's park, causing road waterlogging",Water,High
"Road gutter work left open near housing society, no barricades or lights at night",Roads,High
Leaking underground pipe near college making road surface soft and sinking,Water,High
Municipal cleaner reported absent for 4 days in near river bridge zone,Sanitation,High
Dark lane near government hospital unsafe for women after evening hours,Public Safety,Medium
Open electrical panel near Sector 7 play area accessible to children,Public Safety,Critical
Household garbage bags left on road at near temple road not being picked up for 5 days,Waste Management,High
Leaking underground pipe near garbage depot making road surface soft and sinking,Water,High
Household waste regularly thrown into drain at Sector 9 by nearby shops,Drainage,Medium
"Water available only at odd hours near overbridge, residents missing their work",Water,Medium
Water board complaint number not responding for issue at near temple road,Water,Medium
Leaking underground pipe near Ward B making road surface soft and sinking,Water,High
"Waste compost site near civil hospital not maintained, rotting smell affecting residents",Waste Management,Medium
COVID waste disposal not happening at isolation centre near community hall,Sanitation,Critical
"Heavy vehicles illegally using Sector 7 residential road, damaging surface",Traffic,High
Power cut between 7-9 PM daily near industrial zone residential area,Electrical,Medium
Speed breaker missing warning sign at near sewage treatment plant stretch,Roads,Medium
Electricity meter replaced at near sports complex but billing not updated for 6 months,Electrical,Medium
Exposed underground cable after digging work near water tank bus stand,Electrical,High
Sewer line blocked near primary school causing wet patches in the road surface,Drainage,High
"Road cave-in near petrol pump expanding every day, needs immediate patching",Roads,High
"No zebra crossing near public garden school, students crossing dangerously",Traffic,Medium
Park boundary wall broken at Sector 2 allowing encroachment,Public Safety,Medium
Power slightly unstable in late night hours near municipal office,Electrical,Low
"Drinking water severely contaminated in near petrol pump area, residents vomiting after consuming it",Water,Critical
Anti-social activity near slum area park every night,Public Safety,Medium
"School van damaged due to pothole near Ward C, parents upset and worried",Roads,Medium
Drain gradient wrong near garbage depot causing water to flow backward onto road,Drainage,Medium
"No speed limit signage on near police station road stretch, vehicles overspeeding",Traffic,Medium
"School van damaged due to pothole near new colony, parents upset and worried",Roads,Medium
Broken manhole cover near highway road lane needs replacement before monsoon,Drainage,Medium
Bumpy road surface near water tank causing back pain complaints from daily commuters,Roads,Low
"Streetlight near slum area park out for 3 days, dark patch on road at night",Electrical,Medium
Road bump too high near Ward D causing undercarriage damage to cars,Roads,Medium
"Entire near metro station ward without water for 4 consecutive days, critical humanitarian issue",Water,Critical
Illegal liquor shop operating openly near petrol pump school zone,Public Safety,High
"Streetlight at near sewage treatment plant glowing orange instead of white, likely failing",Electrical,Medium
"Bins near flyover overflowing, need immediate emptying",Sanitation,Medium
Sanitation worker complaint: not provided gloves or safety equipment at near government hospital,Sanitation,Medium
Broken road divider at near post office enabling dangerous wrong-way driving,Traffic,High
Uncleared construction debris at near primary school causing night-time road accidents,Roads,High
"Ongoing problem since days: water available only at odd hours near sewage treatment plant, residents missing their work",Water,Medium
"Trees grown into electric lines near industrial zone, trimming needed urgently",Electrical,Medium
Park boundary wall broken at near municipal school allowing encroachment,Public Safety,Medium
Electrical cabinet door open with live wires exposed near highway road bus stand,Electrical,Critical
"No sanitation visit to near highway road for a week, waste piling on streets",Sanitation,High
"Housing society drain near Ward G reduced flow, needs cleaning",Drainage,Medium
Repeated complaint about household waste regularly thrown into drain at near cremation ground by nearby shops,Drainage,Medium
E-waste dumped illegally near garbage depot residential lane,Waste Management,High
Suspicious unattended bag found near Ward D bus terminal,Public Safety,Critical
"Critical issue: open sewer at Ward C during Eid / Diwali festival time, health risk for gathering crowds",Drainage,High
"Zebra crossing near children's park completely faded, pedestrians confused",Traffic,Low
"Repeated complaint about dog bites reported near Ward E from a pack of strays, residents afraid",Public Safety,High
Unresolved problem: open electrical panel near garbage depot play area accessible to children,Public Safety,Critical
Sudden bridge closure near new colony causing gridlock on all alternate routes,Traffic,Critical
No traffic police at near sports complex busy intersection during peak hours,Traffic,High
Water board complaint number not responding for issue at Sector 4,Water,Medium
Rag pickers leaving scattered waste near children's park after sorting through bins,Sanitation,Medium
"Dog bites reported near stadium from a pack of strays, residents afraid",Public Safety,High
"Open sewer at near stadium during Eid / Diwali festival time, health risk for gathering crowds",Drainage,High
Wet market waste near new colony lying for 7 days attracting stray animals,Waste Management,High
Ongoing problem since days: municipal cleaner reported absent for 7 days in near river bridge zone,Sanitation,High
"Minor occasional discolouration of tap water in near petrol pump, not severe",Water,Low
Wet market waste near main market lying for 14 days attracting stray animals,Waste Management,High
Bumpy road surface near municipal office causing back pain complaints from daily commuters,Roads,Low
Electricity meter replaced at Ward C but billing not updated for 2 months,Electrical,Medium
"Water gushing from broken main at near civil hospital for 6 hours, no municipal response yet",Water,Critical
"Water supply has been absent at near flyover for 7 days, families buying expensive tankers",Water,High
"Bridge surface near municipal school developed cracks, heavy vehicles still using it",Roads,Critical
"Raw sewage contaminating municipal water tank near water tank, needs immediate sealing",Water,Critical
Broken water connection at Ward D causing both water loss and road deterioration,Water,High
Local resident complaint: household garbage bags left on road at near sewage treatment plant not being picked up for 10 days,Waste Management,High
Electric supply failure near Sector 4 for 3 hours during examinations,Electrical,High
"Small leakage at water meter junction box near municipal office, slow but continuous",Water,Medium
"Building boundary wall collapsed at Ward H market, people injured",Public Safety,Critical
"Drain cover slightly misaligned near Ward G, not a fall risk yet",Drainage,Low
Local resident complaint: garbage collected from near cremation ground but dumped near cremation ground park instead of depot,Sanitation,Medium
Garbage truck regularly missing near sewage treatment plant lane in daily route,Waste Management,Medium
"Open sewer at near cremation ground during Eid / Diwali festival time, health risk for gathering crowds",Drainage,High
Water pressure completely absent on upper floors of buildings near sewage treatment plant,Water,High
Anti-social elements gambling openly near new colony temple road at night,Public Safety,Medium
"Meter room flooded in near slum area society building, electrical safety risk",Electrical,High
Sewer line blocked near slum area causing wet patches in the road surface,Drainage,High
Choked storm drain near vegetable market floods road with every rainfall,Drainage,High
Local resident complaint: wet market waste near housing society lying for 6 days attracting stray animals,Waste Management,High
CCTV cameras near new colony vandalised and non-functional for 2 weeks,Public Safety,High
"Trees grown into electric lines near Ward B, trimming needed urgently",Electrical,Medium
Household waste regularly thrown into drain at near main market by nearby shops,Drainage,Medium
"Drainage channel collapsed near fire station road, blocking drainage and traffic",Drainage,High
Solar streetlight near slum area park charging but not illuminating,Electrical,Low
"Road blocked at near fire station due to large protest, ambulances completely unable to pass",Traffic,Critical
"Underground cable at near overbridge damaged during road digging, supply affected",Electrical,High
Repeated complaint about open electrical panel near primary school play area accessible to children,Public Safety,Critical
School van almost hit due to blind turn near bank without any mirror,Traffic,High
New light poles installed near municipal office colony but connections still pending,Electrical,Medium
Water leakage from main pipeline near temple road wasting thousands of litres every day,Water,High
Youth vandalising public property near Sector 9 park on weekends,Public Safety,Medium
"Follow-up complaint: dog bites reported near garbage depot from a pack of strays, residents afraid",Public Safety,High
"Storm drain grill broken near school area, debris clogging drain inside",Drainage,Medium
Speed guns needed at near bus stand stretch where overspeeding is daily complaint,Traffic,Medium
"Manhole overflowing with sewage at near children's park residential area, children playing nearby",Drainage,Critical
Request for speed breaker near government hospital school gate,Traffic,Low
Youth gathering and fighting near Ward H park regularly at night,Public Safety,High
"Dead animals thrown in drain near municipal office, immediate removal needed",Sanitation,High
Request for speed breaker near Ward G school gate,Traffic,Low
"Repeated complaint about bridge surface near primary school developed cracks, heavy vehicles still using it",Roads,Critical
"Painting of water pipeline poles peeling near municipal school, cosmetic issue",Water,Low
"Water available only at odd hours near college, residents missing their work",Water,Medium
No awareness about bio-medical waste in near housing society area near clinic,Waste Management,Medium
Heavy rain caused traffic chaos at near children's park due to waterlogging on road,Traffic,High
Drain gradient wrong near government hospital causing water to flow backward onto road,Drainage,Medium
Rodents and flies spreading from massive garbage pile near Ward D maternity ward,Sanitation,Critical
"Road construction near Sector 7 stopped midway 10 months ago, incomplete work causing hazard",Roads,High
"Ward representative reporting: electric junction box near Ward H submerged in rainwater, risk of electrocution",Electrical,Critical
Open electrical panel near highway road play area accessible to children,Public Safety,Critical
Demolition rubble blocking entire footpath near Sector 2 for over a week,Waste Management,High
Urgent issue reported: drain cleaning vehicle requested for Sector 4 area before upcoming monsoon,Drainage,Medium
"Local resident complaint: streetlight at near flyover glowing orange instead of white, likely failing",Electrical,Medium
Water board complaint number not responding for issue at near metro station,Water,Medium
Street vendor harassing women near bus stand bus stand daily,Public Safety,Medium
"Water from burst pipe flooding near public garden road, electricity poles at risk of shorting",Water,High
Drain near Ward B completely blocked causing 4-day waterlogging,Drainage,High
Demolition rubble blocking entire footpath near water tank for over a week,Waste Management,High
Multiple electric poles visibly tilted near Ward H after last week's storm,Electrical,High
Pedestrians forced to walk on road near Sector 9 because footpath completely broken,Roads,Medium
"Fire in shop near railway station, fire brigade delayed more than 30 minutes",Public Safety,Critical
Complaint from resident: broken electric insulator on pole near overbridge sparking during rainfall,Electrical,High
Youth gathering and fighting near stadium park regularly at night,Public Safety,High
Drain near housing society completely blocked causing 4-day waterlogging,Drainage,High
Pipe connection outside Ward E building dug up but not restored for 5 weeks,Water,Medium
Daily morning congestion at near public garden school due to chaotic vehicle drop-offs,Traffic,Medium
Follow-up complaint: drain cleaning vehicle requested for near stadium area before upcoming monsoon,Drainage,Medium
"Street dog carcass on road near old age home for 7 days, nobody removing it",Sanitation,High
"Critical issue: road gutter work left open near bank, no barricades or lights at night",Roads,High
Demolition rubble blocking entire footpath near primary school for over a week,Waste Management,High
"Deep crater on highway near police station causing severe vehicle accidents, ambulances blocked",Roads,Critical
Sewer line blocked near water tank causing wet patches in the road surface,Drainage,High
"Underground cable at near vegetable market damaged during road digging, supply affected",Electrical,High
Unresolved problem: speed guns needed at near toll plaza stretch where overspeeding is daily complaint,Traffic,Medium
Stagnant drain overflow near metro station creating mosquito breeding ground,Drainage,High
"Pothole formed due to water pipe burst near primary school bus stop, vehicle damage reported",Water,High
"Construction vehicle parked on busy road near bank since 3 days, blocking lane",Traffic,High
"Bins near overbridge without lids, waste scattering on road",Sanitation,Medium
"Drunk driving incident near water tank last night, no police present",Public Safety,High
Heavy rain caused traffic chaos at Sector 9 due to waterlogging on road,Traffic,High
"Drain near Ward D used for illegal waste disposal, causing blockage",Drainage,Medium
"Electric junction box near public garden submerged in rainwater, risk of electrocution",Electrical,Critical
Follow-up complaint: rag pickers leaving scattered waste near Ward B after sorting through bins,Sanitation,Medium
New housing colony at near grain market has no water connection despite full occupancy,Water,Medium
"Local resident complaint: drunk driving incident near Ward C last night, no police present",Public Safety,High
"Road blocked at Ward E due to large protest, ambulances completely unable to pass",Traffic,Critical
"School van damaged due to pothole near old age home, parents upset and worried",Roads,Medium
"Garbage uncollected for 10 days near Sector 4 hospital, disease outbreak risk",Sanitation,Critical
Garbage truck regularly missing Ward D lane in daily route,Waste Management,Medium
Urgent issue reported: pipe connection outside near highway road building dug up but not restored for 2 weeks,Water,Medium
"Trees grown into electric lines near metro station, trimming needed urgently",Electrical,Medium
"Road humps near old age home not painted, invisible at night",Roads,Low
"Dead animals thrown in drain near metro station, immediate removal needed",Sanitation,High
"Complaint from resident: waste compost site near highway road not maintained, rotting smell affecting residents",Waste Management,Medium
"Drinking water severely contaminated in near old age home area, residents vomiting after consuming it",Water,Critical
Urgent issue reported: pipe connection outside near temple road building dug up but not restored for 10 weeks,Water,Medium
Broken road edge near stadium causing vehicles to swerve occasionally,Roads,Medium
"Road washed away near garbage depot river bridge, village completely cut off",Roads,Critical
Tractor blocking near garbage depot road during harvest season causing daily backup,Traffic,Medium
Critical issue: new housing colony at near college has no water connection despite full occupancy,Water,Medium
Household garbage bags left on road at near new colony not being picked up for 3 days,Waste Management,High
Local resident complaint: garbage collected from near old age home but dumped near old age home park instead of depot,Sanitation,Medium
"Dead animal carcass on road near Sector 7 for 3 days, serious infection risk",Sanitation,Critical
Emergency ambulance stuck 40 minutes in traffic jam near bus stand signal,Traffic,Critical
"Repeated complaint about municipal water pressure test needed at Ward C, residents getting almost no flow",Water,High
Drain cleaning vehicle requested for school area area before upcoming monsoon,Drainage,Medium
"Water supply has been absent at near government hospital for 6 days, families buying expensive tankers",Water,High
Electric supply failure near highway road for 4 hours during examinations,Electrical,High
Ward representative reporting: tractor blocking near sports complex road during harvest season causing daily backup,Traffic,Medium
Frequent tripping near slum area hospital interrupting medical equipment operation,Electrical,High
Request for CCTV near overbridge dark lane,Public Safety,Low
Tractor blocking near temple road road during harvest season causing daily backup,Traffic,Medium
"Citizens request action on: open sewer at near police station during Eid / Diwali festival time, health risk for gathering crowds",Drainage,High
Rainwater outlet near Sector 4 blocked by plastic waste for 7 weeks,Drainage,High
"Drain near overbridge used for illegal waste disposal, causing blockage",Drainage,Medium
Request for proper drainage slope on near bank newly built road,Roads,Low
Sewage water standing near slum area school boundary for over a week,Drainage,High
"Ongoing problem since days: municipal water pressure test needed at near overbridge, residents getting almost no flow",Water,High
"Water from burst pipe flooding near civil hospital road, electricity poles at risk of shorting",Water,High
Ward representative reporting: speed guns needed at near garbage depot stretch where overspeeding is daily complaint,Traffic,Medium
Recyclables not separated at Sector 4 collection point,Waste Management,Medium
"Toxic industrial waste illegally dumped near old age home water body, leaching confirmed",Waste Management,Critical
Citizens request action on: wet market waste near railway station lying for 6 days attracting stray animals,Waste Management,High
Road surface cracking in near cremation ground residential area needs patching,Roads,Medium
Massive illegal dump near Ward E blocking natural drainage channel,Waste Management,Critical
Drain cleaning vehicle requested for near college area before upcoming monsoon,Drainage,Medium
Complaint from resident: bumpy road surface near college causing back pain complaints from daily commuters,Roads,Low
Local resident complaint: open electrical panel near main market play area accessible to children,Public Safety,Critical
"Repeated complaint about road gutter work left open near metro station, no barricades or lights at night",Roads,High
"Urgent issue reported: underground cable at near railway station damaged during road digging, supply affected",Electrical,High
"Armed robbery at near fire station ATM at midnight, area unlit and unpatrolled",Public Safety,Critical
"Trees grown into electric lines near garbage depot, trimming needed urgently",Electrical,Medium
"Drain near water tank used for illegal waste disposal, causing blockage",Drainage,Medium
Plastic waste burnt near new colony open ground by unknown persons,Waste Management,Medium
Speed guns needed at Sector 2 stretch where overspeeding is daily complaint,Traffic,Medium
"Repeated complaint about water available only at odd hours near new colony, residents missing their work",Water,Medium
"Trees grown into electric lines near old age home, trimming needed urgently",Electrical,Medium
Pipe connection outside Sector 2 building dug up but not restored for 6 weeks,Water,Medium
Request for dustbin installation near Ward E bus stop,Sanitation,Low
"Urgent issue reported: waste compost site near Ward F not maintained, rotting smell affecting residents",Waste Management,Medium
Garden waste not collected near Sector 9 park for 4 days,Waste Management,Medium
Ward representative reporting: tractor blocking near cremation ground road during harvest season causing daily backup,Traffic,Medium
Sewage mixing into road surface and entering houses in Ward C low-lying area,Drainage,Critical
Municipal cleaner reported absent for 10 days in near community hall zone,Sanitation,High
Citizens request action on: sewer line blocked near overbridge causing wet patches in the road surface,Drainage,High
"Bridge surface near fire station developed cracks, heavy vehicles still using it",Roads,Critical
"School van damaged due to pothole near primary school, parents upset and worried",Roads,Medium
"Electric junction box near Sector 12 submerged in rainwater, risk of electrocution",Electrical,Critical
Drain near cremation ground park emitting foul smell due to partial blockage,Drainage,Medium
Complaint from resident: local shop dumping polythene bags near Sector 7 drain daily,Waste Management,Medium
"Building boundary wall collapsed at near temple road market, people injured",Public Safety,Critical
"Follow-up complaint: trucks reversing on near fire station road without helper, hit a scooter yesterday",Traffic,High
Ward representative reporting: open electrical panel near primary school play area accessible to children,Public Safety,Critical
"Water tap near public garden drips occasionally, minor issue",Water,Low
Sewer line blocked near petrol pump causing wet patches in the road surface,Drainage,High
Water tanker not arriving on scheduled days in near new colony ward this week,Water,Medium
"Municipal water pressure test needed at Sector 4, residents getting almost no flow",Water,High
"Water available only at odd hours near river bridge, residents missing their work",Water,Medium
"Unresolved problem: trees grown into electric lines near old age home, trimming needed urgently",Electrical,Medium
"Woman felt followed near Ward G late at night, no patrol visible",Public Safety,High
New housing colony at near post office has no water connection despite full occupancy,Water,Medium
Municipal cleaner reported absent for 2 days in near public garden zone,Sanitation,High
Critical issue: street vendor harassing women near main market bus stand daily,Public Safety,Medium
Massive illegal dump near old age home blocking natural drainage channel,Waste Management,Critical
Ward representative reporting: electricity meter replaced at Ward H but billing not updated for 10 months,Electrical,Medium
Drain gradient wrong near railway station causing water to flow backward onto road,Drainage,Medium
"Complaint from resident: dead animals thrown in drain near Ward H, immediate removal needed",Sanitation,High
"Water supply has been absent at Ward C for 3 days, families buying expensive tankers",Water,High
No awareness about bio-medical waste in near government hospital area near clinic,Waste Management,Medium
"Zebra crossing near Ward D completely faded, pedestrians confused",Traffic,Low
"Dead animals thrown in drain near Ward E, immediate removal needed",Sanitation,High
Signal timing adjustment needed at near bank roundabout,Traffic,Low
"Zebra crossing near fire station completely faded, pedestrians confused",Traffic,Low
Emergency ambulance stuck 40 minutes in traffic jam near sports complex signal,Traffic,Critical
Unresolved problem: pipe connection outside Ward C building dug up but not restored for 3 weeks,Water,Medium
Pipeline explosion near public garden left 3 streets completely flooded and waterless,Water,Critical
Speed bump height slightly excessive near garbage depot school gate,Roads,Low
"Drain repair work near post office completed poorly, same problem recurring every rain",Drainage,Medium
"Seasonal drain near highway road overgrown with vegetation, blocking water flow",Drainage,Medium
"Open sewer at Sector 9 during Eid / Diwali festival time, health risk for gathering crowds",Drainage,High
"Garbage not picked up in near stadium ward for 7 days, unbearable stench",Sanitation,High
Hazardous waste from near toll plaza factory found floating in municipal water channel,Waste Management,Critical
"Trucks reversing on near overbridge road without helper, hit a scooter yesterday",Traffic,High
One of four streetlights not working near old age home garden,Electrical,Low
"Garbage bin near highway road garden broken, needs replacement",Sanitation,Low
Compost bins near slum area park overflowing and not emptied,Sanitation,Medium
"Street dog carcass on road near Ward E for 5 days, nobody removing it",Sanitation,High
Burning tyres near vegetable market causing black smoke pollution,Waste Management,High
Critical issue: municipal cleaner reported absent for 5 days in near industrial zone zone,Sanitation,High
Drain near Ward A park emitting foul smell due to partial blockage,Drainage,Medium
"Traffic signal malfunctioning at Ward H junction for 2 days, accidents occurring",Traffic,High
Pedestrians forced to walk on road near bus stand because footpath completely broken,Roads,Medium
Stray cattle blocking road near municipal office residential colony,Public Safety,Medium
Repeated complaint about tractor blocking near sports complex road during harvest season causing daily backup,Traffic,Medium
"Transformer exploded near police station market, fire spreading to adjacent shops",Electrical,Critical
Citizens request action on: electric supply failure near industrial zone for 5 hours during examinations,Electrical,High
Pedestrians forced to walk on road near bank because footpath completely broken,Roads,Medium
Pipeline trench near railway station left unrefilled for 3 weeks causing accidents,Roads,High
"Municipal water pressure test needed at near railway station, residents getting almost no flow",Water,High
"Ongoing problem since days: drain repair work near civil hospital completed poorly, same problem recurring every rain",Drainage,Medium
Municipal cleaner reported absent for 10 days in near water tank zone,Sanitation,High
Ward representative reporting: local shop dumping polythene bags near old age home drain daily,Waste Management,Medium
"Road construction near Ward D stopped midway 14 months ago, incomplete work causing hazard",Roads,High
Garbage collection vehicle skipping near children's park sector for 3 days,Sanitation,Medium
Electric supply failure near community hall for 5 hours during examinations,Electrical,High
Open electrical panel near metro station play area accessible to children,Public Safety,Critical
Broken water connection at near housing society causing both water loss and road deterioration,Water,High
Construction debris dumped on road near Sector 12 blocking traffic and storm drains,Waste Management,High
"Urgent issue reported: school van damaged due to pothole near Sector 4, parents upset and worried",Roads,Medium
"Fire in shop near Ward F, fire brigade delayed more than 30 minutes",Public Safety,Critical
Electric meter reading not conducted in Ward C ward for 2 months,Electrical,Medium
"Sparking junction box near public garden park where children play, immediate action needed",Electrical,Critical
Request to shift electric pole obstructing new driveway near Sector 2,Electrical,Low
"Dog bites reported near petrol pump from a pack of strays, residents afraid",Public Safety,High
Stray cattle on road near public garden causing minor inconvenience,Public Safety,Low
"Zebra crossing near bank completely faded, pedestrians confused",Traffic,Low
Significant pipe leakage near Ward H market junction wasting municipal water,Water,High
Public hand pump near industrial zone market not functioning for 10 days,Water,Medium
No awareness about bio-medical waste in near public garden area near clinic,Waste Management,Medium
"Street dog carcass on road near college for 14 days, nobody removing it",Sanitation,High
Drain near petrol pump overflowing slightly during moderate rain,Drainage,Medium
Broken road divider at near bus stand enabling dangerous wrong-way driving,Traffic,High
COVID waste disposal not happening at isolation centre near overbridge,Sanitation,Critical
Household garbage bags left on road at near new colony not being picked up for 14 days,Waste Management,High
Demolition rubble blocking entire footpath near railway station for over a week,Waste Management,High
Electricity meter replaced at near cremation ground but billing not updated for 2 months,Electrical,Medium
"Bridge surface near main market developed cracks, heavy vehicles still using it",Roads,Critical
New housing colony at near garbage depot has no water connection despite full occupancy,Water,Medium
Irregular water supply timing in near highway road making daily planning difficult for residents,Water,Medium
Complaint from resident: street vendor harassing women near housing society bus stand daily,Public Safety,Medium
Critical issue: no awareness about bio-medical waste in near highway road area near clinic,Waste Management,Medium
Upper floor flats in near toll plaza housing complex not getting water regularly,Water,Medium
Local resident complaint: broken electric insulator on pole near river bridge sparking during rainfall,Electrical,High
"No road discipline near Sector 12 junction, drivers ignoring markings",Traffic,Medium
Garden waste not collected near housing society park for 4 days,Waste Management,Medium
Garbage collection vehicle skipping near water tank sector for 3 days,Sanitation,Medium
"Street dog carcass on road near fire station for 14 days, nobody removing it",Sanitation,High
Sewer line blocked near Sector 2 causing wet patches in the road surface,Drainage,High
Street cleaning skipped near slum area market area since last week,Sanitation,Medium
"Waste compost site near sports complex not maintained, rotting smell affecting residents",Waste Management,Medium
Wet market waste near overbridge lying for 5 days attracting stray animals,Waste Management,High
One of four streetlights not working near community hall garden,Electrical,Low
"Dog bites reported near Ward C from a pack of strays, residents afraid",Public Safety,High
Minor overflow near cremation ground drain only during very heavy rain,Drainage,Low
"Zebra crossing near college completely faded, pedestrians confused",Traffic,Low
Municipal bins near school area market overflowing since 3 days,Sanitation,High
Road completely collapsed near railway station bridge after heavy overnight rain,Roads,Critical
"Entire near college road dark at night due to light failure, robberies increasing",Public Safety,High
Only one signal colour working at Ward B junction causing dangerous confusion,Traffic,High
Garbage collected from Sector 4 but dumped near Sector 4 park instead of depot,Sanitation,Medium
Broken electric insulator on pole near Ward B sparking during rainfall,Electrical,High
"Local resident complaint: trucks reversing on near stadium road without helper, hit a scooter yesterday",Traffic,High
"Meter room flooded in near old age home society building, electrical safety risk",Electrical,High
"Woman felt followed near overbridge late at night, no patrol visible",Public Safety,High
"Follow-up complaint: no road discipline near river bridge junction, drivers ignoring markings",Traffic,Medium
"Road cave-in near school area expanding every day, needs immediate patching",Roads,High
Ward representative reporting: cOVID waste disposal not happening at isolation centre near flyover,Sanitation,Critical
"Drunk driving incident near fire station last night, no police present",Public Safety,High
School van almost hit due to blind turn near Sector 9 without any mirror,Traffic,High
Fatal accident on near bank highway due to unmarked massive pothole last night,Roads,Critical
"Follow-up complaint: underground cable at near housing society damaged during road digging, supply affected",Electrical,High
"Complaint from resident: dog bites reported near vegetable market from a pack of strays, residents afraid",Public Safety,High
Unresolved problem: water board complaint number not responding for issue at near civil hospital,Water,Medium
Anti-social elements gambling openly near Sector 2 temple road at night,Public Safety,Medium
"Entire road surface disintegrated near railway station, multiple crashes today",Roads,Critical
Overflowing sewage at Ward B during heavy rain entering shops and homes,Drainage,High
Anti-social elements gambling openly near slum area temple road at night,Public Safety,Medium
"Drain near primary school garden has minor debris, still flowing slowly",Drainage,Low
"Critical issue: road gutter work left open near grain market, no barricades or lights at night",Roads,High
Irregular water supply timing in near police station making daily planning difficult for residents,Water,Medium
"Drainage pipeline burst near industrial zone market, sewage running through entire street",Drainage,Critical
Unresolved problem: bumpy road surface near Ward E causing back pain complaints from daily commuters,Roads,Low
"Bins near Ward G without lids, waste scattering on road",Sanitation,Medium
Citizens request action on: heavy rain caused traffic chaos at Sector 7 due to waterlogging on road,Traffic,High
Unresolved problem: leaking underground pipe near Sector 12 making road surface soft and sinking,Water,High
Youth vandalising public property near stadium park on weekends,Public Safety,Medium
Garbage collected from Sector 7 but dumped near Sector 7 park instead of depot,Sanitation,Medium
"Drain repair work near government hospital completed poorly, same problem recurring every rain",Drainage,Medium
"Wet and dry waste mixed by residents near river bridge, needs awareness drive",Waste Management,Medium
"Zebra crossing near metro station completely faded, pedestrians confused",Traffic,Low
Sanitation worker complaint: not provided gloves or safety equipment at near petrol pump,Sanitation,Medium
Hawkers occupying half the road near water tank bus stand,Traffic,Medium
Anti-social activity near school area park every night,Public Safety,Medium
"Dog bites reported near civil hospital from a pack of strays, residents afraid",Public Safety,High
New housing colony at near stadium has no water connection despite full occupancy,Water,Medium
Rag pickers leaving scattered waste near primary school after sorting through bins,Sanitation,Medium
"Signal cycle too short at near cremation ground junction, vehicles piling up",Traffic,Medium
Wet market waste near Sector 9 lying for 5 days attracting stray animals,Waste Management,High
E-waste dumped illegally near metro station residential lane,Waste Management,High
School van almost hit due to blind turn near water tank without any mirror,Traffic,High
"Road cave-in near post office expanding every day, needs immediate patching",Roads,High
"Road construction near grain market stopped midway 7 months ago, incomplete work causing hazard",Roads,High
"Deep crater on highway near toll plaza causing severe vehicle accidents, ambulances blocked",Roads,Critical
"Woman felt followed near Sector 2 late at night, no patrol visible",Public Safety,High
"Ward representative reporting: school van damaged due to pothole near Sector 12, parents upset and worried",Roads,Medium
Water board complaint number not responding for issue at near industrial zone,Water,Medium
Local resident complaint: anti-social elements gambling openly near government hospital temple road at night,Public Safety,Medium
"No sanitation visit to Sector 12 for a week, waste piling on streets",Sanitation,High
Pipe connection outside near municipal office building dug up but not restored for 3 weeks,Water,Medium
"Waste compost site near school area not maintained, rotting smell affecting residents",Waste Management,Medium
"Road near vegetable market hospital severely broken, hindering ambulance movement",Roads,High
Municipal cleaner reported absent for 7 days in near police station zone,Sanitation,High
"Municipal water pressure test needed at Ward E, residents getting almost no flow",Water,High
Local resident complaint: leaking underground pipe near Ward F making road surface soft and sinking,Water,High
"Burning smell from underground electrical duct near civil hospital road, smoke visible",Electrical,Critical
"Ongoing problem since days: drain repair work near water tank completed poorly, same problem recurring every rain",Drainage,Medium
Household garbage bags left on road at near industrial zone not being picked up for 6 days,Waste Management,High
Drain cleaning vehicle requested for near metro station area before upcoming monsoon,Drainage,Medium
"Waste collection timing changed abruptly, residents confused in near toll plaza area",Waste Management,High
Solar streetlight near housing society park charging but not illuminating,Electrical,Low
Unmarked manholes near college park pose safety risk at night,Public Safety,Medium
Garbage collected from Ward C but dumped near Ward C park instead of depot,Sanitation,Medium
"Drunk driving incident near Ward A last night, no police present",Public Safety,High
"Water supply has been absent at near community hall for 7 days, families buying expensive tankers",Water,High
Drain gradient wrong near Sector 2 causing water to flow backward onto road,Drainage,Medium
Burning tyres near housing society causing black smoke pollution,Waste Management,High
Youth gathering and fighting near post office park regularly at night,Public Safety,High
Open defecation near civil hospital water source contaminating drinking supply,Sanitation,Critical
"No water supply in Ward E for 48 hours, elderly residents unable to manage",Water,High
E-waste dumped illegally near Ward D residential lane,Waste Management,High
"Road gutter work left open near metro station, no barricades or lights at night",Roads,High
Leaking underground pipe near Sector 7 making road surface soft and sinking,Water,High
Local resident complaint: rag pickers leaving scattered waste near Ward C after sorting through bins,Sanitation,Medium
Speed breaker missing warning sign at near community hall stretch,Roads,Medium
Citizens request action on: household waste regularly thrown into drain at near industrial zone by nearby shops,Drainage,Medium
"Streetlight near bus stand park out for 3 days, dark patch on road at night",Electrical,Medium
Pedestrians forced to walk on road near Ward D because footpath completely broken,Roads,Medium
Flash flooding from overflowing storm drain trapping residents at Ward G,Drainage,Critical
"Critical issue: dead animals thrown in drain near vegetable market, immediate removal needed",Sanitation,High
Bumpy road surface near railway station causing back pain complaints from daily commuters,Roads,Low
"Trees grown into electric lines near water tank, trimming needed urgently",Electrical,Medium
Request for reflective boundary markers near bus stand park wall,Public Safety,Low
Irregular water supply timing in near railway station making daily planning difficult for residents,Water,Medium
"Water supply has been absent at Sector 7 for 6 days, families buying expensive tankers",Water,High
"Road construction near police station stopped midway 3 months ago, incomplete work causing hazard",Roads,High
Ongoing problem since days: rainwater outlet near metro station blocked by plastic waste for 2 weeks,Drainage,High
"Construction vehicle parked on busy road near vegetable market since 3 days, blocking lane",Traffic,High
Water supply schedule changed without notice causing confusion in near bank,Water,Medium
Drain gradient wrong near grain market causing water to flow backward onto road,Drainage,Medium
Footpath blocked by construction material near civil hospital forcing pedestrians onto road,Roads,Medium
Drain near metro station completely blocked causing 4-day waterlogging,Drainage,High
Repeated complaint about household waste regularly thrown into drain at Ward F by nearby shops,Drainage,Medium
Garden waste not collected near overbridge park for 4 days,Waste Management,Medium
"Drain repair work near toll plaza completed poorly, same problem recurring every rain",Drainage,Medium
Parking dispute near Sector 4 market causing small arguments,Public Safety,Low
Stray dogs scattering garbage near overbridge colony every night,Sanitation,Medium
"No road discipline near Ward B junction, drivers ignoring markings",Traffic,Medium
Electricity meter replaced at near fire station but billing not updated for 3 months,Electrical,Medium
E-waste collection drive needed in near fire station sector,Waste Management,Low
"Road construction near municipal school stopped midway 10 months ago, incomplete work causing hazard",Roads,High
Electric meter reading not conducted in near water tank ward for 2 months,Electrical,Medium
Pipeline installed 6 months ago near community hall already cracked and leaking,Water,High
Wet market waste near Ward B lying for 2 days attracting stray animals,Waste Management,High
Youth gathering and fighting near flyover park regularly at night,Public Safety,High
Park boundary wall broken at Sector 7 allowing encroachment,Public Safety,Medium
Water supply adequate but scheduling awareness lacking in near housing society new colony,Water,Low
Tilting electric pole near Sector 12 hospital about to fall on road,Electrical,Critical
Garbage collected from near main market but dumped near main market park instead of depot,Sanitation,Medium
Local resident complaint: drain cleaning vehicle requested for near river bridge area before upcoming monsoon,Drainage,Medium
"Giant sinkhole opened on main road near municipal school, vehicle partially swallowed",Roads,Critical
Sewer line blocked near metro station causing wet patches in the road surface,Drainage,High
Rodents and flies spreading from massive garbage pile near Ward A maternity ward,Sanitation,Critical
"Dead animals thrown in drain near Sector 7, immediate removal needed",Sanitation,High
"Complaint from resident: underground cable at near industrial zone damaged during road digging, supply affected",Electrical,High
"Ward representative reporting: no road discipline near Ward A junction, drivers ignoring markings",Traffic,Medium
"Trucks reversing on Ward D road without helper, hit a scooter yesterday",Traffic,High
School van almost hit due to blind turn near grain market without any mirror,Traffic,High
"Open sewer at near sports complex during Eid / Diwali festival time, health risk for gathering crowds",Drainage,High
Ward representative reporting: garbage collected from near petrol pump but dumped near petrol pump park instead of depot,Sanitation,Medium
Ward representative reporting: speed guns needed at Ward G stretch where overspeeding is daily complaint,Traffic,Medium
Illegal garbage dumping near vegetable market residential area creating serious health risk,Sanitation,High
Overloaded waste truck spilling garbage on roads near primary school,Waste Management,High
Household garbage bags left on road at near primary school not being picked up for 2 days,Waste Management,High
Leaking underground pipe near sports complex making road surface soft and sinking,Water,High
Open electrical panel near old age home play area accessible to children,Public Safety,Critical
Flash flooding from overflowing storm drain trapping residents at near garbage depot,Drainage,Critical
"Drain repair work near overbridge completed poorly, same problem recurring every rain",Drainage,Medium
Multiple families wading in sewage water at near overbridge ward due to main drain failure,Drainage,Critical
"Road at near sewage treatment plant underpass flooded 3 feet deep, vehicles submerged",Roads,Critical
COVID waste disposal not happening at isolation centre near Ward G,Sanitation,Critical
Local resident complaint: cOVID waste disposal not happening at isolation centre near civil hospital,Sanitation,Critical
"Underground cable at near civil hospital damaged during road digging, supply affected",Electrical,High
E-waste dumped illegally near industrial zone residential lane,Waste Management,High
Request for speed breaker near overbridge school gate,Traffic,Low
Local resident complaint: pedestrians forced to walk on road near cremation ground because footpath completely broken,Roads,Medium
Uncleared construction debris at Sector 12 causing night-time road accidents,Roads,High
"Wet and dry waste mixed by residents near municipal office, needs awareness drive",Waste Management,Medium
"Electric junction box near Ward D submerged in rainwater, risk of electrocution",Electrical,Critical
Very low water pressure in near industrial zone colony taps for over a week,Water,Medium
Tractor blocking near primary school road during harvest season causing daily backup,Traffic,Medium
"Live wire hanging at child head height over road near Ward H school, emergency",Electrical,Critical
Follow-up complaint: rag pickers leaving scattered waste near Ward E after sorting through bins,Sanitation,Medium
Signal timing adjustment needed at near sewage treatment plant roundabout,Traffic,Low
Exposed underground cable after digging work near civil hospital bus stand,Electrical,High
"No road discipline near bus stand junction, drivers ignoring markings",Traffic,Medium
"Sanitation worker arriving slightly late in Ward D lane, minor issue",Sanitation,Low
Pedestrians forced to walk on road near railway station because footpath completely broken,Roads,Medium
Tilting electric pole near Ward H hospital about to fall on road,Electrical,Critical
"Follow-up complaint: bridge surface near government hospital developed cracks, heavy vehicles still using it",Roads,Critical
Garbage truck regularly missing Sector 7 lane in daily route,Waste Management,Medium
Overflowing sewage at near highway road during heavy rain entering shops and homes,Drainage,High
Broken electric insulator on pole near sports complex sparking during rainfall,Electrical,High
"Road construction near flyover stopped midway 2 months ago, incomplete work causing hazard",Roads,High
"No zebra crossing near railway station school, students crossing dangerously",Traffic,Medium
Youth vandalising public property near water tank park on weekends,Public Safety,Medium
"Signal cycle too short at near primary school junction, vehicles piling up",Traffic,Medium
Youth vandalising public property near police station park on weekends,Public Safety,Medium
Complaint from resident: local shop dumping polythene bags near sewage treatment plant drain daily,Waste Management,Medium
"Streetlight at near community hall glowing orange instead of white, likely failing",Electrical,Medium
Illegal parking near police station market reducing road width during evenings,Traffic,Medium
"Dog bites reported near Sector 2 from a pack of strays, residents afraid",Public Safety,High
"No sanitation visit to Ward A for a week, waste piling on streets",Sanitation,High
"Street dog carcass on road near civil hospital for 6 days, nobody removing it",Sanitation,High
"Streetlight at Ward C glowing orange instead of white, likely failing",Electrical,Medium
Only one signal colour working at near housing society junction causing dangerous confusion,Traffic,High
"Metering box door missing near sewage treatment plant road, rain entering daily",Electrical,Medium
Demolition rubble blocking entire footpath near post office for over a week,Waste Management,High
Youth vandalising public property near Sector 4 park on weekends,Public Safety,Medium
Critical issue: electricity meter replaced at near flyover but billing not updated for 14 months,Electrical,Medium
Ongoing problem since days: anti-social elements gambling openly near Sector 9 temple road at night,Public Safety,Medium
Request for speed bump near temple road to control rash driving,Public Safety,Low
Electricity meter replaced at near children's park but billing not updated for 3 months,Electrical,Medium
"Drain cover missing at near highway road crossing, two-wheeler already fell in last evening",Drainage,High
Ward representative reporting: wet market waste near industrial zone lying for 10 days attracting stray animals,Waste Management,High
Open defecation near cremation ground water source contaminating drinking supply,Sanitation,Critical
"Seasonal drain near stadium overgrown with vegetation, blocking water flow",Drainage,Medium
"Complaint from resident: zebra crossing near bank completely faded, pedestrians confused",Traffic,Low
"Ward representative reporting: drain repair work near Ward E completed poorly, same problem recurring every rain",Drainage,Medium
"Road blocked at near overbridge due to large protest, ambulances completely unable to pass",Traffic,Critical
Repeated complaint about new housing colony at Ward C has no water connection despite full occupancy,Water,Medium
Stray cattle on road near bus stand causing minor inconvenience,Public Safety,Low
"School van damaged due to pothole near vegetable market, parents upset and worried",Roads,Medium
E-waste collection drive needed in Sector 7 sector,Waste Management,Low
Footpath blocked by construction material near Sector 7 forcing pedestrians onto road,Roads,Medium
Electricity meter replaced at Ward B but billing not updated for 2 months,Electrical,Medium
"Drunk driving incident near main market last night, no police present",Public Safety,High
Garbage collection vehicle skipping near municipal office sector for 3 days,Sanitation,Medium
"Municipal water pressure test needed at near river bridge, residents getting almost no flow",Water,High
"Trees grown into electric lines near Sector 4, trimming needed urgently",Electrical,Medium
Awareness drive needed for waste segregation in near police station ward,Waste Management,Low
Local resident complaint: school van almost hit due to blind turn near municipal school without any mirror,Traffic,High
Shop renovation debris dumped on near cremation ground footpath,Waste Management,Medium
"Underground cable at Sector 2 damaged during road digging, supply affected",Electrical,High
"Housing society drain near garbage depot reduced flow, needs cleaning",Drainage,Medium
Faint foul smell from drain near grain market park in evenings only,Drainage,Low
"Critical issue: street dog carcass on road near housing society for 14 days, nobody removing it",Sanitation,High
Ward representative reporting: heavy rain caused traffic chaos at near overbridge due to waterlogging on road,Traffic,High
"Road construction near civil hospital stopped midway 2 months ago, incomplete work causing hazard",Roads,High
Head-on collision of truck and bus near municipal office blocking all four lanes,Traffic,Critical
Urgent issue reported: rainwater outlet near main market blocked by plastic waste for 6 weeks,Drainage,High
Waste paper scattered on road near river bridge after local event,Sanitation,Low
Follow-up complaint: street vendor harassing women near municipal school bus stand daily,Public Safety,Medium
"Ongoing problem since days: trucks reversing on near overbridge road without helper, hit a scooter yesterday",Traffic,High
"Electric junction box near new colony submerged in rainwater, risk of electrocution",Electrical,Critical
One of four streetlights not working near school area garden,Electrical,Low
Water connection pipe near garbage depot vibrating loudly during supply hours,Water,Medium
Ongoing problem since days: rainwater outlet near Ward B blocked by plastic waste for 10 weeks,Drainage,High
"Road cave-in near water tank expanding every day, needs immediate patching",Roads,High
Hawkers occupying half the road near Ward H bus stand,Traffic,Medium
Open defecation near community hall water source contaminating drinking supply,Sanitation,Critical
Stray cattle blocking road near flyover residential colony,Public Safety,Medium
"Unresolved problem: street dog carcass on road near grain market for 10 days, nobody removing it",Sanitation,High
Compost bins near Sector 9 park overflowing and not emptied,Sanitation,Medium
"High tension wire touching wet tree branches near water tank, fire risk imminent",Electrical,Critical
Heavy rain caused traffic chaos at Ward C due to waterlogging on road,Traffic,High
Sanitation worker complaint: not provided gloves or safety equipment at near bank,Sanitation,Medium
"No waste collection for 5 days in near new colony ward, dengue alert issued",Waste Management,High
Municipal bins near Sector 2 market overflowing since 3 days,Sanitation,High
Illegal liquor shop operating openly near housing society school zone,Public Safety,High
"Citizens request action on: zebra crossing near police station completely faded, pedestrians confused",Traffic,Low
"Entire near toll plaza road dark at night due to light failure, robberies increasing",Public Safety,High
Follow-up complaint: street vendor harassing women near Ward B bus stand daily,Public Safety,Medium
"Complaint from resident: underground cable at near civil hospital damaged during road digging, supply affected",Electrical,High
No parking sign missing near stadium municipal building,Traffic,Low
E-waste collection drive needed in near vegetable market sector,Waste Management,Low
"Critical issue: water supply has been absent at Sector 9 for 2 days, families buying expensive tankers",Water,High
"Drain overflow sending raw sewage directly into homes in near children's park, health emergency",Drainage,Critical
Citizens request action on: sewer line blocked near Ward F causing wet patches in the road surface,Drainage,High
Pedestrians forced to walk on road near public garden because footpath completely broken,Roads,Medium
Request to install water ATM near civil hospital colony for convenience,Water,Low
Heavy voltage fluctuation in near garbage depot area damaging refrigerators and TVs,Electrical,Medium
Daily 2-hour traffic jam at Ward F due to road encroachment by vendors,Traffic,High
"Metering box door missing near children's park road, rain entering daily",Electrical,Medium
Garbage collected from Ward H but dumped near Ward H park instead of depot,Sanitation,Medium
Small surface crack near river bridge colony boundary wall needs minor repair,Roads,Low
Illegal liquor shop operating openly near Ward C school zone,Public Safety,High
"Painting of water pipeline poles peeling near Ward D, cosmetic issue",Water,Low
"Littering near flyover park, needs awareness board",Sanitation,Low
Choked storm drain near railway station floods road with every rainfall,Drainage,High
"Local resident complaint: water available only at odd hours near public garden, residents missing their work",Water,Medium
Request for road widening near public garden residential narrow lane,Roads,Low
Request to build new drainage channel in near sewage treatment plant colony,Drainage,Low
Drain gradient wrong near Ward B causing water to flow backward onto road,Drainage,Medium
"Violent mob gathering at Sector 7 main road, police needed urgently",Public Safety,Critical
Household waste regularly thrown into drain at near slum area by nearby shops,Drainage,Medium
"Water available only at odd hours near civil hospital, residents missing their work",Water,Medium
Sanitation worker complaint: not provided gloves or safety equipment at near public garden,Sanitation,Medium
Rag pickers leaving scattered waste near petrol pump after sorting through bins,Sanitation,Medium
"Streetlight at near stadium glowing orange instead of white, likely failing",Electrical,Medium
Road near sewage treatment plant underpass flooding during even moderate rainfall,Roads,High
Ward representative reporting: bumpy road surface near toll plaza causing back pain complaints from daily commuters,Roads,Low
Critical issue: no awareness about bio-medical waste in Ward C area near clinic,Waste Management,Medium
"No waste collection for 5 days in near industrial zone ward, dengue alert issued",Waste Management,High
Sanitation worker complaint: not provided gloves or safety equipment at Sector 4,Sanitation,Medium
Bumpy road surface near Ward D causing back pain complaints from daily commuters,Roads,Low
"Truck fell into open trench on Ward B road, driver critically injured",Roads,Critical
Multiple electric poles visibly tilted near Sector 2 after last week's storm,Electrical,High
"No road discipline near civil hospital junction, drivers ignoring markings",Traffic,Medium
Local resident complaint: bumpy road surface near children's park causing back pain complaints from daily commuters,Roads,Low
"Underground water main burst at near public garden junction, colony dry since yesterday evening",Water,Critical
Youth vandalising public property near flyover park on weekends,Public Safety,Medium
Broken road edge near Ward G causing vehicles to swerve occasionally,Roads,Medium
Bumpy road surface near municipal school causing back pain complaints from daily commuters,Roads,Low
Electric supply failure near petrol pump for 10 hours during examinations,Electrical,High
Head-on collision of truck and bus near petrol pump blocking all four lanes,Traffic,Critical
Toilet block near grain market park locked and inaccessible for months,Sanitation,High
"Road gutter work left open near industrial zone, no barricades or lights at night",Roads,High
Drain cleaning vehicle requested for near flyover area before upcoming monsoon,Drainage,Medium
"Woman felt followed near post office late at night, no patrol visible",Public Safety,High
Unresolved problem: heavy rain caused traffic chaos at near flyover due to waterlogging on road,Traffic,High
Wrong-way driving common near primary school market without police enforcement,Traffic,Medium
Sewer line blocked near children's park causing wet patches in the road surface,Drainage,High
18-hour power outage in near new colony area with no official update or timeline,Electrical,High
Electric supply failure near college for 3 hours during examinations,Electrical,High
Security light near Sector 9 community hall not working,Public Safety,Low
"Waste compost site near Sector 12 not maintained, rotting smell affecting residents",Waste Management,Medium
"Underground cable at Sector 7 damaged during road digging, supply affected",Electrical,High
Hawkers occupying half the road near post office bus stand,Traffic,Medium
Electricity meter replaced at Sector 9 but billing not updated for 5 months,Electrical,Medium
"Garbage not picked up in near college ward for 7 days, unbearable stench",Sanitation,High
"Road cave-in near new colony expanding every day, needs immediate patching",Roads,High
Multiple large potholes on Sector 12 main road causing daily vehicle damage,Roads,High
Autorickshaw stand blocking road near Ward B during office hours,Traffic,Medium
"Zebra crossing near community hall completely faded, pedestrians confused",Traffic,Low
Local shop dumping polythene bags near Ward G drain daily,Waste Management,Medium
Wet market waste near garbage depot lying for 7 days attracting stray animals,Waste Management,High
"Bridge surface near old age home developed cracks, heavy vehicles still using it",Roads,Critical
Recyclables not separated at Ward D collection point,Waste Management,Medium
Unresolved problem: burning tyres near toll plaza causing black smoke pollution,Waste Management,High
Street vendor harassing women near children's park bus stand daily,Public Safety,Medium
Broken electric insulator on pole near Ward C sparking during rainfall,Electrical,High
Electric meter reading not conducted in near grain market ward for 2 months,Electrical,Medium
"Ward representative reporting: dead animals thrown in drain near cremation ground, immediate removal needed",Sanitation,High
E-waste collection drive needed in near old age home sector,Waste Management,Low
"Drainage grate near flyover partially rusted, reducing opening",Drainage,Low
Heavy rain caused traffic chaos at near river bridge due to waterlogging on road,Traffic,High
Rainwater outlet near Sector 2 blocked by plastic waste for 5 weeks,Drainage,High
Request for traffic signal at busy near college crossing,Traffic,Medium
"Child fell into uncovered manhole near industrial zone school yesterday, hospitalised",Drainage,Critical
Repeated complaint about pipe connection outside Sector 9 building dug up but not restored for 2 weeks,Water,Medium
Speed guns needed at Ward E stretch where overspeeding is daily complaint,Traffic,Medium
"Ward representative reporting: road construction near water tank stopped midway 5 months ago, incomplete work causing hazard",Roads,High
Open garbage burning near Sector 12 causing air quality complaints,Waste Management,High
"Heavy vehicles illegally using near overbridge residential road, damaging surface",Traffic,High
"Garbage uncollected for 10 days near fire station hospital, disease outbreak risk",Sanitation,Critical
Ward representative reporting: burning tyres near grain market causing black smoke pollution,Waste Management,High
"Garbage uncollected for 10 days near garbage depot hospital, disease outbreak risk",Sanitation,Critical
"Urgent issue reported: no road discipline near Ward C junction, drivers ignoring markings",Traffic,Medium
"Waste compost site near overbridge not maintained, rotting smell affecting residents",Waste Management,Medium
Drain gradient wrong near metro station causing water to flow backward onto road,Drainage,Medium
Complaint from resident: local shop dumping polythene bags near bank drain daily,Waste Management,Medium
Drain cleaning vehicle requested for near public garden area before upcoming monsoon,Drainage,Medium
Broken electric insulator on pole near Sector 12 sparking during rainfall,Electrical,High
"Manhole overflowing with sewage at Ward C residential area, children playing nearby",Drainage,Critical
Anti-social elements gambling openly near cremation ground temple road at night,Public Safety,Medium
Park boundary wall broken at near main market allowing encroachment,Public Safety,Medium
Speed guns needed at near stadium stretch where overspeeding is daily complaint,Traffic,Medium
"Dead animals thrown in drain near garbage depot, immediate removal needed",Sanitation,High
Water connection pipe near highway road vibrating loudly during supply hours,Water,Medium
"Dog bites reported near sports complex from a pack of strays, residents afraid",Public Safety,High
COVID waste disposal not happening at isolation centre near stadium,Sanitation,Critical
Sewage water standing near new colony school boundary for over a week,Drainage,High
Signal timing adjustment needed at near fire station roundabout,Traffic,Low
"Follow-up complaint: open sewer at Sector 12 during Eid / Diwali festival time, health risk for gathering crowds",Drainage,High
"Street dog carcass on road near slum area for 14 days, nobody removing it",Sanitation,High
"Streetlight at near police station glowing orange instead of white, likely failing",Electrical,Medium
"Repeated complaint about road construction near Ward G stopped midway 10 months ago, incomplete work causing hazard",Roads,High
Overflowing garbage dump near highway road school causing active health hazard,Sanitation,Critical
Request for reflective boundary markers near college park wall,Public Safety,Low
No awareness about bio-medical waste in Ward E area near clinic,Waste Management,Medium
Rotting vegetable waste near temple road market attracting pests and stray animals,Sanitation,High
Household garbage bags left on road at near fire station not being picked up for 2 days,Waste Management,High
Electric supply failure near Ward C for 7 hours during examinations,Electrical,High
Citizens request action on: leaking underground pipe near police station making road surface soft and sinking,Water,High
"Road washed away near river bridge river bridge, village completely cut off",Roads,Critical
Emergency ambulance stuck 40 minutes in traffic jam near children's park signal,Traffic,Critical
Sanitation worker complaint: not provided gloves or safety equipment at near industrial zone,Sanitation,Medium
"Water supply comes for only 20 minutes in near main market, insufficient for daily use",Water,High
"Ward representative reporting: waste compost site near public garden not maintained, rotting smell affecting residents",Waste Management,Medium
Damaged road divider at near college flyover causing wrong-way traffic risk,Roads,High
Household waste regularly thrown into drain at near flyover by nearby shops,Drainage,Medium
Electric supply failure near Sector 7 for 6 hours during examinations,Electrical,High
"Municipal water pressure test needed at near municipal office, residents getting almost no flow",Water,High
No awareness about bio-medical waste in Ward G area near clinic,Waste Management,Medium
Rag pickers leaving scattered waste near Ward G after sorting through bins,Sanitation,Medium
"Garbage bin near Ward G garden broken, needs replacement",Sanitation,Low
Small surface crack near new colony colony boundary wall needs minor repair,Roads,Low
Tractor blocking Ward D road during harvest season causing daily backup,Traffic,Medium
Rainwater outlet near children's park blocked by plastic waste for 3 weeks,Drainage,High
"Sewage visibly mixing into drinking water line near toll plaza, absolute health emergency",Water,Critical
"Woman felt followed near Sector 4 late at night, no patrol visible",Public Safety,High
Pedestrians forced to walk on road near municipal office because footpath completely broken,Roads,Medium
"Deep crater on highway near grain market causing severe vehicle accidents, ambulances blocked",Roads,Critical
Dust from near civil hospital road construction causing minor inconvenience to residents,Roads,Low
Electric wire touching tree in near municipal school area causing minor sparking at night,Electrical,Medium
Unsecured construction site near municipal office park accessible to children,Public Safety,High
"Footpath tiles at near college road heaving, causing pedestrian falls daily",Roads,High
Daily 2-hour traffic jam at near water tank due to road encroachment by vendors,Traffic,High
"Drain overflow sending raw sewage directly into homes in near railway station, health emergency",Drainage,Critical
Sanitation schedule not followed in near overbridge ward this week,Sanitation,Medium
Sanitation worker complaint: not provided gloves or safety equipment at Ward F,Sanitation,Medium
"Complaint from resident: dead animals thrown in drain near post office, immediate removal needed",Sanitation,High
Speed guns needed at Ward A stretch where overspeeding is daily complaint,Traffic,Medium
"Urgent issue reported: water available only at odd hours near Ward B, residents missing their work",Water,Medium
Complaint from resident: leaking underground pipe near vegetable market making road surface soft and sinking,Water,High
"Toxic industrial waste illegally dumped near Ward A water body, leaching confirmed",Waste Management,Critical
Toilet block near railway station park locked and inaccessible for months,Sanitation,High
Chemical factory waste disposed openly near stadium school without any treatment,Waste Management,Critical
"No road discipline near sewage treatment plant junction, drivers ignoring markings",Traffic,Medium
Minor weekend overflow at near bank park bin,Waste Management,Low
Exposed high-voltage wire at near old age home posing electrocution risk to pedestrians,Electrical,Critical
"Electric junction box near housing society submerged in rainwater, risk of electrocution",Electrical,Critical
No awareness about bio-medical waste in Ward A area near clinic,Waste Management,Medium
"Streetlight at near municipal school glowing orange instead of white, likely failing",Electrical,Medium
Biomedical waste from clinic dumped in open near old age home residential area,Waste Management,Critical
Sanitation worker complaint: not provided gloves or safety equipment at near overbridge,Sanitation,Medium
"Drunk driving incident near flyover last night, no police present",Public Safety,High
"Road gutter work left open near government hospital, no barricades or lights at night",Roads,High
"Road cave-in near garbage depot expanding every day, needs immediate patching",Roads,High
"No road discipline near slum area junction, drivers ignoring markings",Traffic,Medium
"Water available only at odd hours near toll plaza, residents missing their work",Water,Medium
Burning tyres near temple road causing black smoke pollution,Waste Management,High
"Road gutter work left open near grain market, no barricades or lights at night",Roads,High
"Burning smell from underground electrical duct near Sector 9 road, smoke visible",Electrical,Critical
Biomedical waste from clinic dumped in open near housing society residential area,Waste Management,Critical
Pedestrians forced to walk on road near garbage depot because footpath completely broken,Roads,Medium
New housing colony at near slum area has no water connection despite full occupancy,Water,Medium
"Ward representative reporting: waste compost site near Sector 7 not maintained, rotting smell affecting residents",Waste Management,Medium
Street vendor harassing women near temple road bus stand daily,Public Safety,Medium
"Water supply has been absent at near toll plaza for 5 days, families buying expensive tankers",Water,High
Water board complaint number not responding for issue at near primary school,Water,Medium
Tractor blocking near bank road during harvest season causing daily backup,Traffic,Medium
"Repeated complaint about open sewer at near water tank during Eid / Diwali festival time, health risk for gathering crowds",Drainage,High
Road near overbridge underpass flooding during even moderate rainfall,Roads,High
"Violent mob gathering at near post office main road, police needed urgently",Public Safety,Critical
Demolition rubble blocking entire footpath near flyover for over a week,Waste Management,High
"Entire road surface disintegrated near stadium, multiple crashes today",Roads,Critical
Speed guns needed at near municipal school stretch where overspeeding is daily complaint,Traffic,Medium
Waste segregation rules not followed at near main market transfer station,Waste Management,High
Faint foul smell from drain near Sector 4 park in evenings only,Drainage,Low
Ongoing problem since days: pipe connection outside near community hall building dug up but not restored for 7 weeks,Water,Medium
Ongoing problem since days: broken electric insulator on pole near water tank sparking during rainfall,Electrical,High
"No road discipline near stadium junction, drivers ignoring markings",Traffic,Medium
Faded road markings on Ward A highway confusing drivers,Roads,Medium
"Road gutter work left open near slum area, no barricades or lights at night",Roads,High
Chain snatching incidents increasing weekly near railway station bus stand,Public Safety,High
Municipal cleaner reported absent for 2 days in near community hall zone,Sanitation,High
"Old building near bus stand showing cracks, collapse risk for pedestrians",Public Safety,High
Ongoing problem since days: local shop dumping polythene bags near slum area drain daily,Waste Management,Medium
Sewage water standing near Ward C school boundary for over a week,Drainage,High
Chemical factory waste disposed openly near sewage treatment plant school without any treatment,Waste Management,Critical
Repeated complaint about new housing colony at near toll plaza has no water connection despite full occupancy,Water,Medium
Burning tyres near river bridge causing black smoke pollution,Waste Management,High
Municipal cleaner reported absent for 4 days in near main market zone,Sanitation,High
Entire near water tank ward dark after 8 PM due to street lighting failure,Electrical,High
Damaged road divider at near overbridge flyover causing wrong-way traffic risk,Roads,High
Ward representative reporting: bumpy road surface near Ward E causing back pain complaints from daily commuters,Roads,Low
"Complaint from resident: streetlight at near railway station glowing orange instead of white, likely failing",Electrical,Medium
"No waste collection for 5 days in near children's park ward, dengue alert issued",Waste Management,High
"Water available only at odd hours near Sector 12, residents missing their work",Water,Medium
Household waste regularly thrown into drain at near sports complex by nearby shops,Drainage,Medium
Broken electric insulator on pole near Ward D sparking during rainfall,Electrical,High
Overflowing garbage dump near children's park school causing active health hazard,Sanitation,Critical
"Road construction near Ward A stopped midway 5 months ago, incomplete work causing hazard",Roads,High
"Drain near Sector 12 garden has minor debris, still flowing slowly",Drainage,Low
Pipeline explosion near bank left 3 streets completely flooded and waterless,Water,Critical
Open electrical panel near Sector 4 play area accessible to children,Public Safety,Critical
"Electric junction box near vegetable market submerged in rainwater, risk of electrocution",Electrical,Critical
"Complete water supply cut for 3 days in near fire station, families have no alternative source",Water,Critical
"Drain near Ward G used for illegal waste disposal, causing blockage",Drainage,Medium
"Trucks reversing on near college road without helper, hit a scooter yesterday",Traffic,High
"Road cave-in near main market expanding every day, needs immediate patching",Roads,High
"Underground water main burst at near cremation ground junction, colony dry since yesterday evening",Water,Critical
Water board complaint number not responding for issue at near overbridge,Water,Medium
No parking sign missing near petrol pump municipal building,Traffic,Low
"Bridge surface near water tank developed cracks, heavy vehicles still using it",Roads,Critical
"Electric junction box near water tank submerged in rainwater, risk of electrocution",Electrical,Critical
Street vendor harassing women near Ward H bus stand daily,Public Safety,Medium
Unsecured construction site near toll plaza park accessible to children,Public Safety,High
"Stench from uncollected garbage in near college unbearable, residents unable to open windows",Sanitation,High
"Street dog carcass on road near fire station for 6 days, nobody removing it",Sanitation,High
Dilapidated building near industrial zone market threatening pedestrians,Public Safety,Medium
"Armed robbery at near flyover ATM at midnight, area unlit and unpatrolled",Public Safety,Critical
Massive illegal dump near Sector 4 blocking natural drainage channel,Waste Management,Critical
Ward representative reporting: sanitation worker complaint: not provided gloves or safety equipment at near fire station,Sanitation,Medium
Hawkers occupying half the road near main market bus stand,Traffic,Medium
"Ongoing problem since days: drunk driving incident near railway station last night, no police present",Public Safety,High
"Citizens request action on: street dog carcass on road near housing society for 14 days, nobody removing it",Sanitation,High
School van almost hit due to blind turn near flyover without any mirror,Traffic,High
Stray cattle blocking road near Ward C residential colony,Public Safety,Medium
Chemical factory waste disposed openly near college school without any treatment,Waste Management,Critical
Critical issue: pedestrians forced to walk on road near metro station because footpath completely broken,Roads,Medium
"Follow-up complaint: woman felt followed near municipal school late at night, no patrol visible",Public Safety,High
Household garbage bags left on road at near slum area not being picked up for 14 days,Waste Management,High
Residents in near overbridge relying on private tankers due to inconsistent municipal supply,Water,Medium
Sewer line blocked near Ward B causing wet patches in the road surface,Drainage,High
Open garbage burning near petrol pump causing air quality complaints,Waste Management,High
Request to set up new water connection in near primary school residential colony,Water,Low
Burning tyres near highway road causing black smoke pollution,Waste Management,High
Ward representative reporting: rag pickers leaving scattered waste near Ward B after sorting through bins,Sanitation,Medium
"Pothole formed due to water pipe burst near garbage depot bus stop, vehicle damage reported",Water,High
"Municipal water pressure test needed at Sector 7, residents getting almost no flow",Water,High
Freshly built road at Ward C already showing large cracks after 2 months,Roads,High
Footpath blocked by construction material near Sector 4 forcing pedestrians onto road,Roads,Medium
Broken electric insulator on pole near overbridge sparking during rainfall,Electrical,High
Water board complaint number not responding for issue at Ward G,Water,Medium
No awareness about bio-medical waste in Sector 7 area near clinic,Waste Management,Medium
"Follow-up complaint: trucks reversing on Ward D road without helper, hit a scooter yesterday",Traffic,High
"Open sewer at near grain market during Eid / Diwali festival time, health risk for gathering crowds",Drainage,High
Garbage collected from near primary school but dumped near primary school park instead of depot,Sanitation,Medium
Pipe connection outside Sector 7 building dug up but not restored for 3 weeks,Water,Medium
Gravel accumulated on near fire station road causing slipping risk for bikes,Roads,Medium
Burning tyres near community hall causing black smoke pollution,Waste Management,High
"Storm drain grill broken near bank, debris clogging drain inside",Drainage,Medium
Illegal firecrackers being sold near Sector 12 school,Public Safety,Medium
Water board complaint number not responding for issue at Ward E,Water,Medium
"Streetlight at near new colony glowing orange instead of white, likely failing",Electrical,Medium
Pipe connection outside near toll plaza building dug up but not restored for 2 weeks,Water,Medium
"Follow-up complaint: trucks reversing on near flyover road without helper, hit a scooter yesterday",Traffic,High
Complaint from resident: cOVID waste disposal not happening at isolation centre near toll plaza,Sanitation,Critical
Water supplied only on alternate days in near water tank although daily supply promised,Water,Medium
No awareness about bio-medical waste in near municipal school area near clinic,Waste Management,Medium
Public toilet near Ward A bus stand overflowing and non-functional,Sanitation,High
Wet market waste near toll plaza lying for 14 days attracting stray animals,Waste Management,High
Water tanker not arriving on scheduled days in near municipal office ward this week,Water,Medium
Dark lane near Ward B unsafe for women after evening hours,Public Safety,Medium
Rainwater outlet near railway station blocked by plastic waste for 10 weeks,Drainage,High
"Unresolved problem: waste compost site near municipal school not maintained, rotting smell affecting residents",Waste Management,Medium
Complaint from resident: electric supply failure near primary school for 3 hours during examinations,Electrical,High
Repeated complaint about heavy rain caused traffic chaos at near old age home due to waterlogging on road,Traffic,High
"Citizens request action on: municipal water pressure test needed at near slum area, residents getting almost no flow",Water,High
Waste segregation rules not followed at near fire station transfer station,Waste Management,High
Multiple large potholes on near metro station main road causing daily vehicle damage,Roads,High
"Metering box door missing near Ward A road, rain entering daily",Electrical,Medium
Repeated complaint about local shop dumping polythene bags near new colony drain daily,Waste Management,Medium
Anti-social elements gambling openly near sewage treatment plant temple road at night,Public Safety,Medium
Awareness drive needed for waste segregation in Ward A ward,Waste Management,Low
Drain cleaning vehicle requested for near housing society area before upcoming monsoon,Drainage,Medium
Rag pickers leaving scattered waste near railway station after sorting through bins,Sanitation,Medium
Street vendor harassing women near Ward A bus stand daily,Public Safety,Medium
Request to shift electric pole obstructing new driveway near Sector 12,Electrical,Low
"Local resident complaint: dead animals thrown in drain near garbage depot, immediate removal needed",Sanitation,High
"Woman felt followed near sewage treatment plant late at night, no patrol visible",Public Safety,High
"Child missing near Ward C park for over 6 hours, public alert needed",Public Safety,Critical
Heavy rain caused traffic chaos at near stadium due to waterlogging on road,Traffic,High
Unresolved problem: rag pickers leaving scattered waste near sports complex after sorting through bins,Sanitation,Medium
"Ongoing problem since days: trees grown into electric lines near metro station, trimming needed urgently",Electrical,Medium
Leaking underground pipe near primary school making road surface soft and sinking,Water,High
Municipal water tanker not deployed despite 48-hour outage in near post office ward,Water,High
Repeated complaint about household garbage bags left on road at near railway station not being picked up for 2 days,Waste Management,High
Household garbage bags left on road at near college not being picked up for 6 days,Waste Management,High
"Urgent issue reported: electric junction box near community hall submerged in rainwater, risk of electrocution",Electrical,Critical
Demolition rubble blocking entire footpath near Sector 12 for over a week,Waste Management,High
"Complaint from resident: water supply has been absent at Ward D for 7 days, families buying expensive tankers",Water,High
School van almost hit due to blind turn near college without any mirror,Traffic,High
Drain cleaning vehicle requested for near old age home area before upcoming monsoon,Drainage,Medium
Demolition rubble blocking entire footpath near toll plaza for over a week,Waste Management,High
Rainwater outlet near railway station blocked by plastic waste for 4 weeks,Drainage,High
Speed breaker on near fire station road near school completely broken and dangerous,Roads,High
Rainwater outlet near Ward H blocked by plastic waste for 6 weeks,Drainage,High
Uneven road surface near Sector 2 bus stand causing two-wheeler skids,Roads,Medium
"Streetlight at near river bridge glowing orange instead of white, likely failing",Electrical,Medium
"Unresolved problem: underground cable at near metro station damaged during road digging, supply affected",Electrical,High
Recyclables not separated at near railway station collection point,Waste Management,Medium
"Meter room flooded in Ward H society building, electrical safety risk",Electrical,High
New housing colony at school area has no water connection despite full occupancy,Water,Medium
"Road gutter work left open near railway station, no barricades or lights at night",Roads,High
Rainwater outlet near school area blocked by plastic waste for 2 weeks,Drainage,High
Drain gradient wrong near highway road causing water to flow backward onto road,Drainage,Medium
Sanitation worker complaint: not provided gloves or safety equipment at near main market,Sanitation,Medium
Electrical cabinet door open with live wires exposed near petrol pump bus stand,Electrical,Critical
Rodents and flies spreading from massive garbage pile near housing society maternity ward,Sanitation,Critical
Open electrical panel near overbridge play area accessible to children,Public Safety,Critical
Unresolved problem: burning tyres near Sector 12 causing black smoke pollution,Waste Management,High
"Bridge surface near Sector 4 developed cracks, heavy vehicles still using it",Roads,Critical
"Bridge surface near garbage depot developed cracks, heavy vehicles still using it",Roads,Critical
"Ongoing problem since days: open sewer at near river bridge during Eid / Diwali festival time, health risk for gathering crowds",Drainage,High
School van almost hit due to blind turn near railway station without any mirror,Traffic,High
"Critical issue: drain repair work near railway station completed poorly, same problem recurring every rain",Drainage,Medium
Sudden bridge closure near highway road causing gridlock on all alternate routes,Traffic,Critical
Street cleaning skipped near primary school market area since last week,Sanitation,Medium
Broken road divider at near civil hospital enabling dangerous wrong-way driving,Traffic,High
"Traffic signal malfunctioning at Ward A junction for 2 days, accidents occurring",Traffic,High
Electric meter reading not conducted in near community hall ward for 2 months,Electrical,Medium
Electric meter board catching fire near new colony residential building,Electrical,High
Sanitation schedule not followed in near highway road ward this week,Sanitation,Medium
"Sanitation worker arriving slightly late in near fire station lane, minor issue",Sanitation,Low
Dust from near river bridge road construction causing minor inconvenience to residents,Roads,Low
Complaint from resident: heavy rain caused traffic chaos at near housing society due to waterlogging on road,Traffic,High
"Road near public garden hospital severely broken, hindering ambulance movement",Roads,High
School van almost hit due to blind turn near petrol pump without any mirror,Traffic,High
Urgent issue reported: anti-social elements gambling openly near Sector 9 temple road at night,Public Safety,Medium
Suspicious unattended bag found near vegetable market bus terminal,Public Safety,Critical
Electric wire touching tree in near post office area causing minor sparking at night,Electrical,Medium
"Complaint from resident: electric junction box near police station submerged in rainwater, risk of electrocution",Electrical,Critical
Youth vandalising public property near bus stand park on weekends,Public Safety,Medium
Municipal cleaner reported absent for 7 days in Ward C zone,Sanitation,High
Youth vandalising public property near vegetable market park on weekends,Public Safety,Medium
COVID waste disposal not happening at isolation centre near police station,Sanitation,Critical
Demolition rubble blocking entire footpath near main market for over a week,Waste Management,High
Electric meter board catching fire near garbage depot residential building,Electrical,High
"Urgent issue reported: zebra crossing near stadium completely faded, pedestrians confused",Traffic,Low
Sanitation schedule not followed in Ward B ward this week,Sanitation,Medium
"Drunk driving incident near bank last night, no police present",Public Safety,High
"Water supply has been absent at near railway station for 7 days, families buying expensive tankers",Water,High
Water supply delayed by about 30 minutes compared to usual timing at school area,Water,Low
Urgent issue reported: local shop dumping polythene bags near Sector 4 drain daily,Waste Management,Medium
Broken electric insulator on pole near children's park sparking during rainfall,Electrical,High
Suspicious unattended bag found near sewage treatment plant bus terminal,Public Safety,Critical
"Drain cover missing at near temple road crossing, two-wheeler already fell in last evening",Drainage,High
"Road cave-in near children's park expanding every day, needs immediate patching",Roads,High
All streetlights on near post office road non-functional for 5 consecutive nights,Electrical,High
"Manhole overflowing with sewage at Ward H residential area, children playing nearby",Drainage,Critical
School van almost hit due to blind turn near slum area without any mirror,Traffic,High
"Burning garbage near cremation ground hospital producing toxic smoke, patients at risk",Waste Management,Critical
"Road blocked at near civil hospital due to large protest, ambulances completely unable to pass",Traffic,Critical
"School van damaged due to pothole near river bridge, parents upset and worried",Roads,Medium
Electric supply failure near Ward A for 7 hours during examinations,Electrical,High
Speed breaker missing warning sign at near public garden stretch,Roads,Medium
"Drainage pipeline burst near municipal school market, sewage running through entire street",Drainage,Critical
Tilting electric pole near college hospital about to fall on road,Electrical,Critical
Garbage van not collecting from near flyover lane despite repeated complaints,Sanitation,High
"Drunk driving incident near river bridge last night, no police present",Public Safety,High
COVID waste disposal not happening at isolation centre near vegetable market,Sanitation,Critical
"Road cave-in near toll plaza expanding every day, needs immediate patching",Roads,High
Cracked footpath near Ward G obstructing pedestrian movement,Roads,Medium
Anti-social elements gambling openly near civil hospital temple road at night,Public Safety,Medium
Complaint from resident: garbage collected from Ward F but dumped near Ward F park instead of depot,Sanitation,Medium
